ID,Nome,Titulo,Descricao,Data Inicial,Data Final,Parcelas Pagas,Parcelas,Valor,Status
9266,Ana Luiza,Grão de Arroz,Ele comprou grão por grão,1918-08-02,1992-05-06,5,12,872.10,true
5198,Ana Luiza,Grão de Arroz,Ele comprou grão por grão,1951-06-27,1980-04-20,5,12,695.49,true
1651,Huan Alter,Grão de Arroz,Ele comprou grão por grão,2002-08-11,1933-05-10,5,12,967.84,true
8337,Eduardo Almeida,Grão de Arroz,Ele comprou grão por grão,1966-08-28,1932-04-20,5,12,869.06,false
3140,Eduardo Almeida,Grão de Arroz,Ele comprou grão por grão,1985-01-23,1950-11-17,5,12,863.78,false
6323,Eduardo Almeida,Grão de Arroz,Ele comprou grão por grão,1972-01-28,2009-07-15,5,12,628.09,false
5910,Ana Luiza,Grão de Arroz,Ele comprou grão por grão,1988-10-19,1945-04-15,5,12,778.99,true
4311,Ana Luiza,Grão de Arroz,Ele comprou grão por grão,1950-09-22,1948-05-13,5,12,151.64,true
9569,Eduardo Almeida,Grão de Arroz,Ele comprou grão por grão,2008-06-15,1967-05-17,5,12,245.57,false
7883,Huan Alter,Grão de Arroz,Ele comprou grão por grão,1991-11-08,1998-02-04,5,12,716.88,false
1168,Ana Luiza,Grão de Arroz,Ele comprou grão por grão,1942-08-06,1991-09-07,5,12,880.85,true
4205,Huan Zerton,Grão de Arroz,Ele comprou grão por grão,1961-07-10,1961-09-14,5,12,416.85,true
4891,Eduardo,Grão de Arroz,Ele comprou grão por grão,2007-05-04,1961-02-23,5,12,572.55,true
4827,Eduardo,Grão de Arroz,Ele comprou grão por grão,1980-07-28,1961-08-03,5,12,711.52,true
6854,Eduardo Almeida,Grão de Arroz,Ele comprou grão por grão,1990-08-24,1975-05-14,5,12,941.31,false
2631,Eduardo,Grão de Arroz,Ele comprou grão por grão,1928-05-12,1964-07-04,5,12,704.13,true
3748,Eduardo Almeida,Grão de Arroz,Ele comprou grão por grão,1947-09-25,2014-03-03,5,12,201.20,true
2250,Eduardo Almeida,Grão de Arroz,Ele comprou grão por grão,1983-07-08,1920-08-09,5,12,865.91,false
8962,Huan Zerton,Grão de Arroz,Ele comprou grão por grão,2000-04-15,1911-05-03,5,12,662.35,true
6072,Eduardo,Grão de Arroz,Ele comprou grão por grão,1997-03-12,1958-08-10,5,12,25.06,false
7644,Eduardo Almeida,Grão de Arroz,Ele comprou grão por grão,1949-02-18,1983-07-11,5,12,794.56,true
1600,Eduardo,Grão de Arroz,Ele comprou grão por grão,1954-04-05,1953-02-25,5,12,319.83,true
6086,Huan Zerton,Grão de Arroz,Ele comprou grão por grão,1939-08-23,1981-10-28,5,12,14.59,false
9962,Ana Luiza,Grão de Arroz,Ele comprou grão por grão,2016-10-06,2018-08-28,5,12,16.77,false
7456,Huan Zerton,Grão de Arroz,Ele comprou grão por grão,1914-11-26,1935-04-21,5,12,814.33,true
4055,Eduardo Almeida,Grão de Arroz,Ele comprou grão por grão,1969-04-19,1959-10-22,5,12,943.75,true
2000,Eduardo Almeida,Grão de Arroz,Ele comprou grão por grão,1973-08-23,1912-05-12,5,12,982.73,true
2672,Eduardo,Grão de Arroz,Ele comprou grão por grão,2007-08-01,1958-07-26,5,12,374.23,true
2040,Huan Zerton,Grão de Arroz,Ele comprou grão por grão,1961-02-20,1915-04-28,5,12,294.70,false
6996,Huan Zerton,Grão de Arroz,Ele comprou grão por grão,1972-02-09,1984-10-16,5,12,56.52,false
7675,Huan Alter,Grão de Arroz,Ele comprou grão por grão,1992-03-09,1972-04-18,5,12,665.52,true
2907,Huan Alter,Grão de Arroz,Ele comprou grão por grão,1966-05-12,1983-09-06,5,12,997.04,false
5343,Huan Alter,Grão de Arroz,Ele comprou grão por grão,2022-02-19,1901-11-12,5,12,922.52,false
9790,Huan Zerton,Grão de Arroz,Ele comprou grão por grão,2012-04-25,2019-05-04,5,12,73.49,true
5968,Huan Zerton,Grão de Arroz,Ele comprou grão por grão,1961-04-17,2018-01-08,5,12,253.74,true
1681,Eduardo,Grão de Arroz,Ele comprou grão por grão,1953-04-18,1953-07-07,5,12,800.23,false
9950,Eduardo,Grão de Arroz,Ele comprou grão por grão,1990-05-11,1995-11-22,5,12,481.36,true
9612,Eduardo,Grão de Arroz,Ele comprou grão por grão,1912-07-14,1955-07-18,5,12,802.92,true
2333,Huan Zerton,Grão de Arroz,Ele comprou grão por grão,1961-09-12,1932-05-19,5,12,159.72,true
6961,Ana Luiza,Grão de Arroz,Ele comprou grão por grão,1942-09-08,1905-11-10,5,12,787.39,false
1260,Ana Luiza,Grão de Arroz,Ele comprou grão por grão,1902-08-14,1926-06-24,5,12,971.97,false
9296,Eduardo,Grão de Arroz,Ele comprou grão por grão,1926-04-20,1904-10-15,5,12,420.40,true
7122,Eduardo,Grão de Arroz,Ele comprou grão por grão,1930-06-08,1995-07-24,5,12,493.26,true
7283,Huan Zerton,Grão de Arroz,Ele comprou grão por grão,1901-03-28,2010-06-13,5,12,362.84,true
2991,Eduardo,Grão de Arroz,Ele comprou grão por grão,2020-07-15,1963-06-06,5,12,875.84,true
1505,Huan Zerton,Grão de Arroz,Ele comprou grão por grão,1960-09-16,1997-07-20,5,12,319.65,true
2494,Ana Luiza,Grão de Arroz,Ele comprou grão por grão,1957-03-21,1977-01-20,5,12,673.48,false
2113,Eduardo,Grão de Arroz,Ele comprou grão por grão,1920-07-12,1924-07-04,5,12,18.72,true
7886,Ana Luiza,Grão de Arroz,Ele comprou grão por grão,1928-10-20,2017-10-20,5,12,732.10,true
4988,Eduardo,Grão de Arroz,Ele comprou grão por grão,1917-11-04,1929-05-05,5,12,359.36,true
5631,Huan Zerton,Grão de Arroz,Ele comprou grão por grão,1980-10-21,1993-09-09,5,12,443.23,false
6454,Huan Zerton,Grão de Arroz,Ele comprou grão por grão,1957-05-20,1969-06-24,5,12,469.51,true
3691,Ana Luiza,Grão de Arroz,Ele comprou grão por grão,1908-07-02,1995-10-27,5,12,131.01,true
6262,Huan Alter,Grão de Arroz,Ele comprou grão por grão,1923-11-17,1926-10-02,5,12,918.61,true
6766,Ana Luiza,Grão de Arroz,Ele comprou grão por grão,1967-09-23,1919-11-25,5,12,588.66,true
1043,Huan Alter,Grão de Arroz,Ele comprou grão por grão,1931-02-04,1932-03-04,5,12,453.91,true
7649,Eduardo Almeida,Grão de Arroz,Ele comprou grão por grão,1919-09-19,2006-08-21,5,12,495.83,true
5880,Ana Luiza,Grão de Arroz,Ele comprou grão por grão,1961-09-21,1999-08-28,5,12,855.24,false
3125,Huan Alter,Grão de Arroz,Ele comprou grão por grão,1954-06-12,1924-04-05,5,12,141.09,true
6259,Huan Alter,Grão de Arroz,Ele comprou grão por grão,1949-05-04,1973-02-22,5,12,334.84,false
7839,Ana Luiza,Grão de Arroz,Ele comprou grão por grão,1969-09-19,1903-02-24,5,12,868.16,false
1554,Eduardo,Grão de Arroz,Ele comprou grão por grão,1984-01-24,1928-10-17,5,12,394.38,true
4555,Huan Alter,Grão de Arroz,Ele comprou grão por grão,2014-02-24,1977-10-26,5,12,201.73,false
8862,Huan Zerton,Grão de Arroz,Ele comprou grão por grão,1963-10-22,1988-11-06,5,12,151.09,true
6851,Eduardo Almeida,Grão de Arroz,Ele comprou grão por grão,1938-07-26,1913-06-12,5,12,740.14,false
3352,Huan Alter,Grão de Arroz,Ele comprou grão por grão,1919-09-21,1914-03-01,5,12,638.36,true
6505,Huan Alter,Grão de Arroz,Ele comprou grão por grão,2007-03-13,2018-05-13,5,12,655.09,true
8839,Eduardo Almeida,Grão de Arroz,Ele comprou grão por grão,1966-05-07,1917-04-27,5,12,773.69,true
7559,Huan Alter,Grão de Arroz,Ele comprou grão por grão,2012-09-17,1928-06-27,5,12,362.27,true
1837,Huan Zerton,Grão de Arroz,Ele comprou grão por grão,1900-05-19,1998-11-01,5,12,653.70,true
2863,Eduardo Almeida,Grão de Arroz,Ele comprou grão por grão,1957-03-01,1900-07-25,5,12,956.53,true
8800,Ana Luiza,Grão de Arroz,Ele comprou grão por grão,2004-06-02,2012-04-28,5,12,290.91,false
2755,Ana Luiza,Grão de Arroz,Ele comprou grão por grão,1973-02-05,1908-03-09,5,12,587.69,false
6720,Ana Luiza,Grão de Arroz,Ele comprou grão por grão,1944-10-07,1930-06-02,5,12,104.42,false
1780,Eduardo,Grão de Arroz,Ele comprou grão por grão,1964-01-17,1922-02-14,5,12,464.74,false
1670,Ana Luiza,Grão de Arroz,Ele comprou grão por grão,1933-04-14,2014-09-01,5,12,371.20,false
3672,Eduardo Almeida,Grão de Arroz,Ele comprou grão por grão,2019-11-15,1918-01-24,5,12,243.17,false
6890,Eduardo Almeida,Grão de Arroz,Ele comprou grão por grão,1965-03-04,1931-04-22,5,12,550.17,true
1188,Huan Alter,Grão de Arroz,Ele comprou grão por grão,1902-01-24,1929-08-05,5,12,749.45,false
8925,Eduardo Almeida,Grão de Arroz,Ele comprou grão por grão,1958-04-10,1970-01-23,5,12,77.48,true
9407,Eduardo Almeida,Grão de Arroz,Ele comprou grão por grão,1943-05-04,1912-07-19,5,12,695.42,false
3570,Huan Zerton,Grão de Arroz,Ele comprou grão por grão,1987-04-14,2017-08-01,5,12,819.62,true
9152,Eduardo Almeida,Grão de Arroz,Ele comprou grão por grão,1913-05-25,2022-01-24,5,12,588.95,true
6626,Eduardo,Grão de Arroz,Ele comprou grão por grão,1965-09-14,1995-04-12,5,12,131.28,false
8960,Eduardo,Grão de Arroz,Ele comprou grão por grão,1988-02-25,1939-05-17,5,12,528.80,false
5088,Ana Luiza,Grão de Arroz,Ele comprou grão por grão,1980-09-13,2022-08-09,5,12,657.49,false
4986,Huan Zerton,Grão de Arroz,Ele comprou grão por grão,1934-01-07,1921-04-25,5,12,288.23,false
2547,Huan Zerton,Grão de Arroz,Ele comprou grão por grão,1988-09-09,1925-07-14,5,12,998.28,false
3021,Eduardo,Grão de Arroz,Ele comprou grão por grão,2015-06-16,1921-03-01,5,12,248.37,true
2478,Eduardo Almeida,Grão de Arroz,Ele comprou grão por grão,1949-02-04,1942-09-01,5,12,378.98,false
7262,Huan Zerton,Grão de Arroz,Ele comprou grão por grão,2015-05-13,1938-06-23,5,12,887.34,true
8266,Huan Zerton,Grão de Arroz,Ele comprou grão por grão,1991-02-13,1903-01-21,5,12,18.50,false
4095,Eduardo,Grão de Arroz,Ele comprou grão por grão,1966-11-07,2021-06-08,5,12,366.82,true
9593,Huan Zerton,Grão de Arroz,Ele comprou grão por grão,1975-06-11,2020-10-25,5,12,323.26,true
7621,Eduardo,Grão de Arroz,Ele comprou grão por grão,1917-08-17,1935-02-07,5,12,937.60,false
8258,Ana Luiza,Grão de Arroz,Ele comprou grão por grão,1932-09-12,1981-04-01,5,12,493.48,true
8139,Huan Zerton,Grão de Arroz,Ele comprou grão por grão,1906-11-12,2021-02-08,5,12,587.50,true
3170,Huan Alter,Grão de Arroz,Ele comprou grão por grão,1993-07-27,1951-02-23,5,12,877.60,true
7236,Huan Zerton,Grão de Arroz,Ele comprou grão por grão,1969-07-12,2006-11-13,5,12,501.54,false
2322,Huan Zerton,Grão de Arroz,Ele comprou grão por grão,1984-04-02,1930-03-21,5,12,579.31,true
9919,Eduardo Almeida,Grão de Arroz,Ele comprou grão por grão,1952-07-25,2009-08-26,5,12,160.02,true
3755,Eduardo,Grão de Arroz,Ele comprou grão por grão,1908-01-06,2001-07-28,5,12,373.67,true
9690,Huan Zerton,Grão de Arroz,Ele comprou grão por grão,1948-08-26,1908-08-13,5,12,41.12,true
9033,Eduardo,Grão de Arroz,Ele comprou grão por grão,1960-08-27,1973-06-18,5,12,665.59,false
5789,Huan Zerton,Grão de Arroz,Ele comprou grão por grão,1936-05-21,2015-06-26,5,12,709.92,true
6395,Ana Luiza,Grão de Arroz,Ele comprou grão por grão,1967-03-08,1984-05-16,5,12,425.16,true
6961,Huan Alter,Grão de Arroz,Ele comprou grão por grão,1941-01-14,2002-11-16,5,12,644.11,false
8773,Ana Luiza,Grão de Arroz,Ele comprou grão por grão,2014-02-06,1964-06-05,5,12,291.58,false
8672,Eduardo,Grão de Arroz,Ele comprou grão por grão,2008-03-05,1957-10-09,5,12,212.98,false
3783,Ana Luiza,Grão de Arroz,Ele comprou grão por grão,1982-02-10,1988-04-03,5,12,516.99,true
3667,Eduardo,Grão de Arroz,Ele comprou grão por grão,1964-06-03,1903-02-28,5,12,442.95,true
5210,Eduardo Almeida,Grão de Arroz,Ele comprou grão por grão,1933-03-21,2001-02-05,5,12,791.78,false
2148,Ana Luiza,Grão de Arroz,Ele comprou grão por grão,1953-04-15,1949-06-23,5,12,817.49,true
8281,Huan Zerton,Grão de Arroz,Ele comprou grão por grão,1914-08-24,1945-11-07,5,12,712.90,true
7405,Huan Alter,Grão de Arroz,Ele comprou grão por grão,1966-09-10,1931-05-28,5,12,479.25,true
7994,Huan Alter,Grão de Arroz,Ele comprou grão por grão,1965-06-22,1993-09-13,5,12,838.24,true
6330,Huan Zerton,Grão de Arroz,Ele comprou grão por grão,1981-02-10,2009-11-07,5,12,294.21,false
9558,Huan Zerton,Grão de Arroz,Ele comprou grão por grão,1906-08-09,1927-08-21,5,12,650.97,true
3557,Huan Alter,Grão de Arroz,Ele comprou grão por grão,1930-11-17,1926-11-25,5,12,68.63,false
8782,Huan Zerton,Grão de Arroz,Ele comprou grão por grão,2006-09-19,2018-03-25,5,12,283.76,false
8222,Huan Alter,Grão de Arroz,Ele comprou grão por grão,2000-04-17,1956-04-08,5,12,887.86,true
7167,Huan Alter,Grão de Arroz,Ele comprou grão por grão,1906-07-28,1988-01-11,5,12,135.39,true
8806,Ana Luiza,Grão de Arroz,Ele comprou grão por grão,1993-07-23,1995-04-05,5,12,934.59,false
9184,Eduardo,Grão de Arroz,Ele comprou grão por grão,1974-07-07,1946-09-22,5,12,349.59,false
2956,Eduardo Almeida,Grão de Arroz,Ele comprou grão por grão,1973-06-11,2016-03-15,5,12,895.64,false
9340,Huan Zerton,Grão de Arroz,Ele comprou grão por grão,1983-02-24,2003-09-09,5,12,878.67,true
4606,Ana Luiza,Grão de Arroz,Ele comprou grão por grão,1936-04-06,1952-10-11,5,12,508.85,true
2529,Huan Alter,Grão de Arroz,Ele comprou grão por grão,1945-01-06,1961-06-27,5,12,417.32,false
3457,Ana Luiza,Grão de Arroz,Ele comprou grão por grão,1961-04-11,2019-05-11,5,12,258.81,false
5168,Eduardo Almeida,Grão de Arroz,Ele comprou grão por grão,1927-04-18,2018-08-23,5,12,538.53,false
2249,Eduardo,Grão de Arroz,Ele comprou grão por grão,2000-09-07,1985-08-02,5,12,608.96,false
8204,Eduardo Almeida,Grão de Arroz,Ele comprou grão por grão,1956-05-04,1987-09-18,5,12,782.94,true
5201,Eduardo,Grão de Arroz,Ele comprou grão por grão,1947-04-08,2008-04-24,5,12,62.50,false
1721,Ana Luiza,Grão de Arroz,Ele comprou grão por grão,1901-03-07,1973-04-23,5,12,253.76,true
6367,Eduardo Almeida,Grão de Arroz,Ele comprou grão por grão,2022-05-08,1943-07-14,5,12,550.12,false
2311,Huan Zerton,Grão de Arroz,Ele comprou grão por grão,1971-04-20,2014-08-09,5,12,812.31,false
3499,Huan Zerton,Grão de Arroz,Ele comprou grão por grão,1995-07-13,1939-07-19,5,12,752.18,false
1884,Huan Zerton,Grão de Arroz,Ele comprou grão por grão,2022-02-25,2019-05-26,5,12,429.33,true
1039,Huan Alter,Grão de Arroz,Ele comprou grão por grão,1945-08-06,2000-04-15,5,12,545.86,false
1428,Huan Zerton,Grão de Arroz,Ele comprou grão por grão,2022-10-21,1979-01-05,5,12,484.05,false
5370,Eduardo Almeida,Grão de Arroz,Ele comprou grão por grão,1919-08-08,1960-07-18,5,12,150.19,false
4782,Huan Alter,Grão de Arroz,Ele comprou grão por grão,1949-09-15,1943-09-28,5,12,640.58,false
2526,Eduardo,Grão de Arroz,Ele comprou grão por grão,1965-04-26,1930-05-25,5,12,692.03,false
4599,Huan Alter,Grão de Arroz,Ele comprou grão por grão,1969-08-24,1929-02-17,5,12,166.45,true
5266,Eduardo Almeida,Grão de Arroz,Ele comprou grão por grão,1967-01-17,2007-06-14,5,12,309.15,false
1323,Eduardo,Grão de Arroz,Ele comprou grão por grão,1922-10-01,2020-03-18,5,12,729.73,false
4089,Huan Zerton,Grão de Arroz,Ele comprou grão por grão,2004-06-03,1935-01-22,5,12,931.77,true
4209,Eduardo,Grão de Arroz,Ele comprou grão por grão,1908-09-11,1992-01-11,5,12,829.78,true
8277,Ana Luiza,Grão de Arroz,Ele comprou grão por grão,1983-01-15,1905-06-17,5,12,997.72,true
2578,Eduardo Almeida,Grão de Arroz,Ele comprou grão por grão,2012-02-19,1972-10-20,5,12,165.47,true
1146,Ana Luiza,Grão de Arroz,Ele comprou grão por grão,1922-09-07,1985-01-18,5,12,739.07,false
2910,Huan Alter,Grão de Arroz,Ele comprou grão por grão,1990-01-24,1948-10-26,5,12,67.86,false
2161,Huan Zerton,Grão de Arroz,Ele comprou grão por grão,2002-01-15,1947-11-18,5,12,380.83,true
4097,Eduardo Almeida,Grão de Arroz,Ele comprou grão por grão,1943-06-08,1903-07-27,5,12,778.47,true
3112,Huan Alter,Grão de Arroz,Ele comprou grão por grão,1914-01-04,2013-10-27,5,12,736.29,true
5358,Huan Zerton,Grão de Arroz,Ele comprou grão por grão,1987-04-19,1949-09-03,5,12,930.28,true
6910,Eduardo,Grão de Arroz,Ele comprou grão por grão,1990-10-23,1944-03-07,5,12,129.22,false
5705,Huan Alter,Grão de Arroz,Ele comprou grão por grão,1987-02-05,1980-02-12,5,12,616.19,true
1761,Huan Alter,Grão de Arroz,Ele comprou grão por grão,2009-01-10,1918-09-28,5,12,585.23,true
1538,Huan Alter,Grão de Arroz,Ele comprou grão por grão,1907-01-24,1943-07-12,5,12,417.12,true
2735,Ana Luiza,Grão de Arroz,Ele comprou grão por grão,1997-08-02,1988-10-23,5,12,827.62,true
5477,Eduardo,Grão de Arroz,Ele comprou grão por grão,2005-05-24,2011-11-16,5,12,1.79,false
8927,Huan Alter,Grão de Arroz,Ele comprou grão por grão,1980-07-21,2022-03-07,5,12,386.04,false
8784,Huan Alter,Grão de Arroz,Ele comprou grão por grão,1905-09-21,1997-07-12,5,12,972.99,true
1746,Huan Zerton,Grão de Arroz,Ele comprou grão por grão,1901-10-03,1911-06-07,5,12,258.20,false
3701,Eduardo,Grão de Arroz,Ele comprou grão por grão,1938-01-19,2010-09-24,5,12,386.03,false
3015,Eduardo Almeida,Grão de Arroz,Ele comprou grão por grão,1937-01-19,1920-04-17,5,12,771.90,true
4112,Eduardo Almeida,Grão de Arroz,Ele comprou grão por grão,1965-11-23,2017-08-06,5,12,233.89,true
3629,Eduardo Almeida,Grão de Arroz,Ele comprou grão por grão,1927-03-14,1940-08-15,5,12,937.11,true
6643,Eduardo Almeida,Grão de Arroz,Ele comprou grão por grão,2010-11-20,1958-11-04,5,12,217.57,false
1674,Huan Alter,Grão de Arroz,Ele comprou grão por grão,1958-03-15,1957-05-19,5,12,252.93,true
3793,Eduardo Almeida,Grão de Arroz,Ele comprou grão por grão,1925-10-20,1975-02-22,5,12,788.76,false
3027,Eduardo,Grão de Arroz,Ele comprou grão por grão,1956-09-09,1972-09-23,5,12,468.00,true
6702,Eduardo,Grão de Arroz,Ele comprou grão por grão,1916-02-10,1948-11-07,5,12,319.97,false
4727,Huan Alter,Grão de Arroz,Ele comprou grão por grão,2009-05-06,1939-03-12,5,12,542.41,false
3583,Huan Zerton,Grão de Arroz,Ele comprou grão por grão,1969-07-26,1957-08-10,5,12,234.83,true
3925,Eduardo,Grão de Arroz,Ele comprou grão por grão,1936-03-12,1968-06-04,5,12,420.50,false
7447,Ana Luiza,Grão de Arroz,Ele comprou grão por grão,1983-08-22,2011-01-03,5,12,958.49,false
1626,Eduardo Almeida,Grão de Arroz,Ele comprou grão por grão,1967-11-17,2017-05-02,5,12,589.73,true
7327,Huan Zerton,Grão de Arroz,Ele comprou grão por grão,1939-11-21,1959-05-15,5,12,877.51,false
1782,Huan Zerton,Grão de Arroz,Ele comprou grão por grão,1937-11-10,1909-04-07,5,12,64.11,true
8904,Eduardo,Grão de Arroz,Ele comprou grão por grão,1986-10-05,1918-11-23,5,12,536.24,false
5030,Eduardo Almeida,Grão de Arroz,Ele comprou grão por grão,1925-07-25,1938-09-28,5,12,121.56,true
3448,Eduardo Almeida,Grão de Arroz,Ele comprou grão por grão,1947-01-09,1990-03-18,5,12,556.71,true
9802,Eduardo Almeida,Grão de Arroz,Ele comprou grão por grão,1957-10-15,1947-11-22,5,12,676.51,false
4539,Eduardo Almeida,Grão de Arroz,Ele comprou grão por grão,1991-07-27,2011-08-12,5,12,341.17,false
5135,Huan Zerton,Grão de Arroz,Ele comprou grão por grão,1986-02-11,1913-02-27,5,12,133.59,true
2605,Huan Zerton,Grão de Arroz,Ele comprou grão por grão,1971-04-16,1930-02-22,5,12,901.14,false
7391,Ana Luiza,Grão de Arroz,Ele comprou grão por grão,1969-10-08,1923-08-02,5,12,645.60,true
1298,Huan Zerton,Grão de Arroz,Ele comprou grão por grão,1907-01-13,2005-06-06,5,12,111.90,true
1582,Ana Luiza,Grão de Arroz,Ele comprou grão por grão,1976-03-19,2021-05-13,5,12,912.74,true
7739,Huan Zerton,Grão de Arroz,Ele comprou grão por grão,1977-03-02,1905-04-26,5,12,450.47,false
9395,Ana Luiza,Grão de Arroz,Ele comprou grão por grão,1962-11-26,2018-05-01,5,12,749.74,false
1926,Huan Alter,Grão de Arroz,Ele comprou grão por grão,2003-02-05,1959-08-02,5,12,579.94,false
2955,Ana Luiza,Grão de Arroz,Ele comprou grão por grão,1905-06-06,2011-06-20,5,12,223.04,true
7672,Huan Zerton,Grão de Arroz,Ele comprou grão por grão,1933-07-15,2017-03-08,5,12,690.12,true
8682,Ana Luiza,Grão de Arroz,Ele comprou grão por grão,1903-03-12,1971-07-27,5,12,589.52,false
7979,Ana Luiza,Grão de Arroz,Ele comprou grão por grão,1937-03-23,1915-06-24,5,12,102.87,false
1413,Huan Zerton,Grão de Arroz,Ele comprou grão por grão,1964-02-13,2018-06-15,5,12,525.59,false
3068,Eduardo,Grão de Arroz,Ele comprou grão por grão,1917-02-15,1925-08-23,5,12,203.54,true
6044,Eduardo Almeida,Grão de Arroz,Ele comprou grão por grão,2014-06-21,1927-11-16,5,12,659.57,false
1707,Huan Alter,Grão de Arroz,Ele comprou grão por grão,1980-09-10,1982-05-04,5,12,967.06,false
9978,Eduardo,Grão de Arroz,Ele comprou grão por grão,1910-03-19,1985-07-02,5,12,561.27,false
2535,Eduardo,Grão de Arroz,Ele comprou grão por grão,1925-01-10,1990-10-03,5,12,224.65,true
6396,Eduardo Almeida,Grão de Arroz,Ele comprou grão por grão,1980-08-12,1937-01-08,5,12,868.93,false
9355,Eduardo,Grão de Arroz,Ele comprou grão por grão,1996-10-07,1902-08-05,5,12,544.43,false
2200,Eduardo,Grão de Arroz,Ele comprou grão por grão,1976-08-08,1926-10-19,5,12,16.99,true
6229,Huan Zerton,Grão de Arroz,Ele comprou grão por grão,2019-01-24,1986-08-27,5,12,729.23,false
9693,Eduardo,Grão de Arroz,Ele comprou grão por grão,1956-06-12,1912-04-07,5,12,231.23,false
7227,Eduardo Almeida,Grão de Arroz,Ele comprou grão por grão,1932-09-27,2021-07-18,5,12,392.48,true
1587,Huan Alter,Grão de Arroz,Ele comprou grão por grão,1978-10-01,1984-02-25,5,12,744.36,true
9152,Eduardo,Grão de Arroz,Ele comprou grão por grão,1974-01-12,1954-06-18,5,12,449.14,false
1095,Huan Zerton,Grão de Arroz,Ele comprou grão por grão,1945-04-08,1965-01-28,5,12,395.68,true
3091,Eduardo Almeida,Grão de Arroz,Ele comprou grão por grão,1918-05-02,1921-05-14,5,12,411.20,true
5486,Huan Alter,Grão de Arroz,Ele comprou grão por grão,2022-08-05,1999-08-12,5,12,83.21,false
1363,Ana Luiza,Grão de Arroz,Ele comprou grão por grão,2005-02-25,1944-06-21,5,12,170.07,false
6231,Eduardo,Grão de Arroz,Ele comprou grão por grão,1973-02-05,1967-11-01,5,12,512.55,false
5575,Eduardo,Grão de Arroz,Ele comprou grão por grão,1945-08-05,1985-06-22,5,12,197.91,false
8449,Huan Alter,Grão de Arroz,Ele comprou grão por grão,2005-07-01,1981-10-19,5,12,74.00,false
4709,Huan Zerton,Grão de Arroz,Ele comprou grão por grão,1986-03-25,1993-02-26,5,12,802.81,true
4623,Eduardo,Grão de Arroz,Ele comprou grão por grão,1980-02-01,2016-11-27,5,12,385.36,false
1471,Huan Zerton,Grão de Arroz,Ele comprou grão por grão,1929-07-14,2001-06-12,5,12,644.32,false
4294,Ana Luiza,Grão de Arroz,Ele comprou grão por grão,1916-04-25,1938-05-26,5,12,349.02,true
6782,Huan Alter,Grão de Arroz,Ele comprou grão por grão,1909-07-16,1931-01-14,5,12,68.23,false
1961,Huan Zerton,Grão de Arroz,Ele comprou grão por grão,1950-06-21,2019-09-23,5,12,791.98,false
9962,Eduardo Almeida,Grão de Arroz,Ele comprou grão por grão,1976-05-23,2014-01-21,5,12,775.05,true
5353,Ana Luiza,Grão de Arroz,Ele comprou grão por grão,1903-04-02,1922-02-12,5,12,696.49,false
5590,Huan Zerton,Grão de Arroz,Ele comprou grão por grão,1981-08-28,1912-03-04,5,12,593.93,true
7198,Huan Alter,Grão de Arroz,Ele comprou grão por grão,1955-02-17,1955-11-25,5,12,794.37,true
7809,Eduardo Almeida,Grão de Arroz,Ele comprou grão por grão,1942-09-24,1966-05-28,5,12,503.21,true
2607,Eduardo,Grão de Arroz,Ele comprou grão por grão,1958-01-09,1957-09-27,5,12,691.83,true
3295,Huan Alter,Grão de Arroz,Ele comprou grão por grão,1986-04-25,1937-03-01,5,12,313.86,true
2503,Eduardo,Grão de Arroz,Ele comprou grão por grão,1961-06-05,1985-01-18,5,12,420.38,false
6391,Huan Zerton,Grão de Arroz,Ele comprou grão por grão,1910-06-14,1949-03-26,5,12,293.11,true
6159,Ana Luiza,Grão de Arroz,Ele comprou grão por grão,1906-05-15,1909-03-12,5,12,746.08,false
3080,Ana Luiza,Grão de Arroz,Ele comprou grão por grão,1972-02-08,1950-05-28,5,12,75.88,false
8502,Huan Alter,Grão de Arroz,Ele comprou grão por grão,1923-01-05,1918-10-09,5,12,786.79,false
8979,Eduardo Almeida,Grão de Arroz,Ele comprou grão por grão,2006-11-03,1936-02-01,5,12,286.86,false
3163,Huan Zerton,Grão de Arroz,Ele comprou grão por grão,1993-04-18,1949-08-04,5,12,892.72,true
9593,Ana Luiza,Grão de Arroz,Ele comprou grão por grão,1913-01-22,1941-05-23,5,12,288.75,false
3428,Ana Luiza,Grão de Arroz,Ele comprou grão por grão,1992-04-06,1986-09-05,5,12,700.58,true
4932,Eduardo,Grão de Arroz,Ele comprou grão por grão,1907-04-03,1989-09-21,5,12,332.85,false
9790,Huan Alter,Grão de Arroz,Ele comprou grão por grão,1998-04-05,1914-09-06,5,12,999.96,false
5665,Eduardo Almeida,Grão de Arroz,Ele comprou grão por grão,1954-02-11,1924-02-15,5,12,404.69,true
8298,Huan Zerton,Grão de Arroz,Ele comprou grão por grão,1990-04-18,2003-11-06,5,12,824.87,false
9614,Ana Luiza,Grão de Arroz,Ele comprou grão por grão,1977-03-06,1938-07-10,5,12,803.20,true
5485,Eduardo,Grão de Arroz,Ele comprou grão por grão,1953-08-01,1904-02-12,5,12,498.83,false
6756,Huan Alter,Grão de Arroz,Ele comprou grão por grão,2014-08-12,1948-02-01,5,12,458.88,false
5565,Eduardo Almeida,Grão de Arroz,Ele comprou grão por grão,1953-02-09,1916-04-21,5,12,486.84,false
9536,Ana Luiza,Grão de Arroz,Ele comprou grão por grão,1957-10-05,1935-08-25,5,12,157.44,true
